{
  "d": 4,
  "h": 250,
  "w": 500,
  "k": {
    "translateX": [
      [
        0,
        250,
        2,
        [
          1,
          0,
          0.27878,
          1
        ]
      ],
      [
        0.25,
        90,
        0
      ],
      [
        0.5,
        90,
        1
      ],
      [
        0.75,
        250,
        0
      ]
    ],
    "scaleX": [
      [
        0,
        100,
        2,
        [
          1,
          0,
          0.90887,
          1.48957
        ]
      ],
      [
        0.15,
        290.60825,
        2,
        [
          0.40852,
          1.46542,
          0.38468,
          1.2843
        ]
      ],
      [
        0.26667,
        116.33999,
        2,
        [
          0.19545,
          -1.10071,
          0.45361,
          1
        ]
      ],
      [
        0.4,
        100,
        0
      ]
    ],
    "rotation": [
      [
        0.5,
        0,
        2,
        [
          0.54901,
          0,
          0.70119,
          0.37943
        ]
      ],
      [
        0.75,
        190,
        2,
        [
          0.17483,
          -2.29948,
          0.68015,
          -0.31869
        ]
      ],
      [
        0.83333,
        179.99999,
        2,
        [
          0.31607,
          -5599251.46535,
          0.33236,
          1
        ]
      ],
      [
        0.93333,
        180,
        0
      ]
    ]
  }
}